-- phpMyAdmin SQL Dump
-- version 5.2.1
-- https://www.phpmyadmin.net/
--
-- Host: 127.0.0.1
-- Generation Time: Nov 07, 2024 at 08:09 AM
-- Server version: 10.4.32-MariaDB
-- PHP Version: 8.2.12

SET SQL_MODE = "NO_AUTO_VALUE_ON_ZERO";
START TRANSACTION;
SET time_zone = "+00:00";


/*!40101 SET @OLD_CHARACTER_SET_CLIENT=@@CHARACTER_SET_CLIENT */;
/*!40101 SET @OLD_CHARACTER_SET_RESULTS=@@CHARACTER_SET_RESULTS */;
/*!40101 SET @OLD_COLLATION_CONNECTION=@@COLLATION_CONNECTION */;
/*!40101 SET NAMES utf8mb4 */;

--
-- Database: `pakar_melon`
--

-- --------------------------------------------------------

--
-- Table structure for table `client_data`
--

CREATE TABLE `client_data` (
  `id` int(11) NOT NULL,
  `nama` varchar(255) NOT NULL,
  `no_wa` varchar(50) NOT NULL,
  `nama_bisnis` varchar(255) NOT NULL,
  `domain` varchar(255) NOT NULL,
  `kategori` varchar(100) NOT NULL,
  `kontrak` varchar(100) NOT NULL,
  `status` enum('Aktif','Tidak Aktif') NOT NULL DEFAULT 'Aktif',
  `tgl_masuk` date DEFAULT NULL,
  `tgl_perpanjang` date NOT NULL,
  `nilai` varchar(255) NOT NULL,
  `keterangan` text DEFAULT NULL
) ENGINE=InnoDB DEFAULT CHARSET=utf8mb4 COLLATE=utf8mb4_general_ci;

--
-- Dumping data for table `client_data`
--

INSERT INTO `client_data` (`id`, `nama`, `no_wa`, `nama_bisnis`, `domain`, `kategori`, `kontrak`, `status`, `tgl_masuk`, `tgl_perpanjang`, `nilai`, `keterangan`) VALUES
(1, 'Robi', '6287788100016', 'Jasa Konsultan', 'konsultanpendaftaranmerek.com/', 'Facebook Ads', '3 Bulan', 'Aktif', NULL, '2024-12-25', '3000000', 'Report mingguan'),
(2, 'Maria', '6282228354667', 'Tempa Tempe', 'tempatempe.com/', 'Facebook Ads', '1 Bulan', 'Tidak Aktif', NULL, '2024-08-31', '2500000', 'Berhenti langganan karna iklan tidak optimal'),
(3, 'Desi', '628114804333', 'Skincare SR12', 'bigbossr12papua.com/', 'Facebook Ads', '', '', NULL, '0000-00-00', '', NULL),
(4, 'Hardy', '6282138954802', 'Celana kolor Yonex', 'kahyangstore.com/', 'Facebook Ads', '', '', NULL, '0000-00-00', '', NULL),
(5, 'Wahyudin', '6282134910375', 'Jasa service AC', 'Tanpa LP', 'Facebook Ads', '', '', NULL, '0000-00-00', '', NULL),
(6, 'M Sauqi', '6281243510834', 'KTD Digital Artwork', 'merchandisemurah.com/', 'Facebook Ads', '', '', NULL, '0000-00-00', '', NULL),
(7, 'Hari', '628818811881', 'Madu Mahmudah', 'madumahmudah.com/', 'Facebook Ads', '', '', NULL, '0000-00-00', '', NULL),
(8, 'Tillana', '6282299996601', 'Joyjus', 'idealcantik.com/promo', 'Facebook Ads', '', '', NULL, '0000-00-00', '', NULL),
(9, 'Irvan', '62817440303', 'akikah kita', 'www.akikahkita.com/promo/', 'Facebook Ads', '', '', NULL, '0000-00-00', '', NULL),
(10, 'Badriawan', '6282289736429', 'Robotik academy', 'robotikacademy.id/promo', 'Facebook Ads', '', '', NULL, '0000-00-00', '', NULL),
(11, 'Muqodas', '6287755812386', 'Radian Glow', 'radiantglowskincare.online/', 'Facebook Ads', '', '', NULL, '0000-00-00', '', NULL),
(12, 'Alan', '6289698938305', 'Serum Adera', 'aderalab.com/', 'Facebook Ads', '', '', NULL, '0000-00-00', '', NULL),
(13, 'Tillana', '6282299996601', 'Joyjus Fiber', 'idealcantik.com/jjfiber', 'Facebook Ads', '', '', NULL, '0000-00-00', '', NULL),
(14, 'Fauzi', '6282125252507', 'Pelatihan Baby SPA', 'imperiumrarekumara.com/pelatihanbabyspa/', 'Facebook Ads', '', '', NULL, '0000-00-00', '', NULL),
(15, 'Sutejo', '628122698800', 'Skincare Larissa', 'larissa.co.id/lmarketing/promo', 'Facebook Ads', '', '', NULL, '0000-00-00', '', NULL),
(16, 'Pratama', '6287839318550', 'Bukuadji', 'bukuadjie.id/', 'Facebook Ads', '', '', NULL, '0000-00-00', '', NULL),
(17, 'Andri', '6281288611368', 'Fashion Muslim', 'anv-official.com/', 'Facebook Ads', '', '', NULL, '0000-00-00', '', NULL),
(18, 'Erna', '6285601489945', 'Alusan Mebel', 'allussanmebel.com/', 'Facebook Ads', '', '', NULL, '0000-00-00', '', NULL),
(19, 'Khoirul', '6281393154164', 'Madu Restmag', 'madurestmag.com/', 'Facebook Ads', '', '', NULL, '0000-00-00', '', NULL),
(20, 'Yandi', '628122107338', 'Jersey Sepeda', 'genethics-jersey.com/', 'Facebook Ads', '', '', NULL, '0000-00-00', '', NULL),
(21, 'Asep', '6288905662118', 'Properti tripilar', 'tripilarnatajagat.com/', 'Facebook Ads', '', '', NULL, '0000-00-00', '', NULL),
(22, 'Eka', '6285755599070', 'Kedas beauty', 'echakedasbeauty.com/', 'Facebook Ads', '', '', NULL, '0000-00-00', '', NULL),
(23, 'Deza', '6285294256669', 'Gamis kania', 'dezaexclusive.id/', 'Facebook Ads', '', '', NULL, '0000-00-00', '', NULL),
(24, 'Deza', '6285294256669', 'Gamis deza', 'dezacollection.net/', 'Facebook Ads', '', '', NULL, '0000-00-00', '', NULL),
(25, 'Desi', '6281316490590', 'Reglow Glow', 'reglowbeautystore.com/', 'Facebook Ads', '', '', NULL, '0000-00-00', '', NULL),
(26, 'Adi', '6285225138485', 'Perfect Skin', 'perfectkeyskincare.com/', 'Facebook Ads', '', '', NULL, '0000-00-00', '', NULL),
(27, 'Dadan', '6282165099046', 'Rumah Lebah', 'teamcakep.com/', 'Facebook Ads', '', '', NULL, '0000-00-00', '', NULL),
(28, 'Leihana', '62817740203', 'Mukena', 'annisafashionstore.com/', 'Facebook Ads', '', '', NULL, '0000-00-00', '', NULL),
(29, 'Rijal Risalah', '6282119006050', 'Reglow Glow', 'alunabatiksolo.com/', 'Facebook Ads', '', '', NULL, '0000-00-00', '', NULL),
(30, 'Aditya', '6281317155051', 'Serum el signore', 'bangkikil.com/', 'Facebook Ads', '', '', NULL, '0000-00-00', '', NULL),
(31, 'Hari', '6287774772777', 'Video edukasi/bidan kita', '', 'Facebook Ads', '', '', NULL, '0000-00-00', '', NULL),
(32, 'Dodi', '6285793172339', 'Serum Menlab', 'teamcakep.com/', 'Facebook Ads', '', '', NULL, '0000-00-00', '', NULL),
(33, 'Annisa', '6285725995538', 'Celana kolor Mizuno', 'annisafashionstore.com/', 'Facebook Ads', '', '', NULL, '0000-00-00', '', NULL),
(34, 'Rizki Saleh', '6285715942290', 'Batik Pria', 'alunabatiksolo.com/', 'Facebook Ads', '', '', NULL, '0000-00-00', '', NULL),
(35, 'Maulidiya', '6281553287500', 'Bang Kikil', 'bangkikil.com/', 'Facebook Ads', '', '', NULL, '0000-00-00', '', NULL),
(36, 'Aan', '6287700727374', '', '', '', '', '', NULL, '0000-00-00', '', NULL),
(37, 'Yudin', '6285781988165', '', '', '', '', '', NULL, '0000-00-00', '', NULL),
(38, 'Syukron', '6289636020343', '', '', '', '', '', NULL, '0000-00-00', '', NULL),
(39, 'Arif A', '6281249839922', '', '', '', '', '', NULL, '0000-00-00', '', NULL),
(40, 'Anis', '6289602166257', '', '', '', '', '', NULL, '0000-00-00', '', NULL),
(41, 'Heru', '628989051057', '', '', '', '', '', NULL, '0000-00-00', '', NULL),
(42, 'Erlia', '6282298684200', '', '', '', '', '', NULL, '0000-00-00', '', NULL),
(43, 'Soraya', '6281805170670', '', '', '', '', '', NULL, '0000-00-00', '', NULL),
(44, 'Hendra maulana', '6285732322544', '', '', '', '', '', NULL, '0000-00-00', '', NULL),
(45, 'Diane', '628112341693', '', '', '', '', '', NULL, '0000-00-00', '', NULL),
(46, 'Alwi', '6285736426794', '', '', '', '', '', NULL, '0000-00-00', '', NULL),
(47, 'Alexander', '6281278239698', '', '', '', '', '', NULL, '0000-00-00', '', NULL),
(48, 'Ika', '6281231211197', '', '', '', '', '', NULL, '0000-00-00', '', NULL),
(49, 'Sahrul', '6288212222238', '', '', '', '', '', NULL, '0000-00-00', '', NULL),
(50, 'Rosyidin B', '6281232047479', '', '', '', '', '', NULL, '0000-00-00', '', NULL),
(51, 'Emanuel', '6283873922706', '', '', '', '', '', NULL, '0000-00-00', '', NULL),
(52, 'Siska/Fatkur', '6281377220240', '', '', '', '', '', NULL, '0000-00-00', '', NULL),
(53, 'Edwin C', '6287887023498', '', '', '', '', '', NULL, '0000-00-00', '', NULL),
(54, 'Iqbal', '628112649920', '', '', '', '', '', NULL, '0000-00-00', '', NULL),
(55, 'Muslikah', '6282146652100', '', '', '', '', '', NULL, '0000-00-00', '', NULL),
(56, 'Ayi', '6285348811725', '', '', '', '', '', NULL, '0000-00-00', '', NULL),
(57, 'Febryan', '6281380262524', '', '', '', '', '', NULL, '0000-00-00', '', NULL),
(58, 'mishbahhuddin', '6287783310447', '', '', '', '', '', NULL, '0000-00-00', '', NULL),
(59, 'Firdaus', '6285878617085', '', '', '', '', '', NULL, '0000-00-00', '', NULL),
(60, 'Didit', '6282312165757', '', '', '', '', '', NULL, '0000-00-00', '', NULL),
(61, 'Lea', '6281330443389', '', '', '', '', '', NULL, '0000-00-00', '', NULL),
(62, 'Tatang', '6282333526337', '', '', '', '', '', NULL, '0000-00-00', '', NULL),
(63, 'Septian', '6282223565932', '', '', '', '', '', NULL, '0000-00-00', '', NULL),
(64, 'Opik Mutakin', '6285156411194', '', '', '', '', '', NULL, '0000-00-00', '', NULL),
(65, 'Asdin', '6281320003611', '', '', '', '', '', NULL, '0000-00-00', '', NULL),
(66, 'Rani D', '628179492323', '', '', '', '', '', NULL, '0000-00-00', '', NULL),
(67, 'Akbar E', '6281391117826', '', '', '', '', '', NULL, '0000-00-00', '', NULL),
(68, 'Widayati', '628119314077', '', '', '', '', '', NULL, '0000-00-00', '', NULL),
(69, 'Putra', '6285266397154', '', '', '', '', '', NULL, '0000-00-00', '', NULL),
(70, 'Andi Desi', '6285377080749', '', '', '', '', '', NULL, '0000-00-00', '', NULL),
(71, 'Widya', '6281334052275', '', '', '', '', '', NULL, '0000-00-00', '', NULL),
(72, 'Yasna', '626289693313533', '', '', '', '', '', NULL, '0000-00-00', '', NULL),
(73, 'Salsa', '626288232098297', '', '', '', '', '', NULL, '0000-00-00', '', NULL),
(74, 'zidat', '626282139817939', '', '', '', '', '', NULL, '0000-00-00', '', NULL),
(75, 'Riandy', '626281314941146', '', '', '', '', '', NULL, '0000-00-00', '', NULL),
(76, 'Rika', '626285867586428', '', '', '', '', '', NULL, '0000-00-00', '', NULL),
(77, 'Susilo', '626281329481980', '', '', '', '', '', NULL, '0000-00-00', '', NULL),
(78, 'Zco', '626285722500965', '', '', '', '', '', NULL, '0000-00-00', '', NULL),
(79, 'Irawan', '626281222803333', '', '', '', '', '', NULL, '0000-00-00', '', NULL),
(80, 'Indria G', '628118307076', '', '', '', '', '', NULL, '0000-00-00', '', NULL),
(81, 'Anggoro H', '6285713888825', '', '', '', '', '', NULL, '0000-00-00', '', NULL),
(82, 'satrio e', '6282220349525', '', '', '', '', '', NULL, '0000-00-00', '', NULL),
(83, 'Wiwit', '6285702319999', '', '', '', '', '', NULL, '0000-00-00', '', NULL),
(84, 'Hana i', '6281227571234', '', '', '', '', '', NULL, '0000-00-00', '', NULL),
(85, 'dedy', '6281295353540', '', '', '', '', '', NULL, '0000-00-00', '', NULL),
(86, 'Tiara J', '6289673127721', '', '', '', '', '', NULL, '0000-00-00', '', NULL),
(87, 'nesia', '6281389098899', '', '', '', '', '', NULL, '0000-00-00', '', NULL),
(88, 'Iwan Nirwana', '6281220215506', '', '', '', '', '', NULL, '0000-00-00', '', NULL),
(89, 'Irsyad Rosyadi', '6281312333354', '', '', '', '', '', NULL, '0000-00-00', '', NULL),
(90, 'Eca', '6281296508894', '', '', '', '', '', NULL, '0000-00-00', '', NULL),
(91, 'Andy I', '6282223888874', '', '', '', '', '', NULL, '0000-00-00', '', NULL),
(92, 'Krisnanto', '6287839964935', '', '', '', '', '', NULL, '0000-00-00', '', NULL),
(93, 'Indra Rismawan', '6281388004446', '', '', '', '', '', NULL, '0000-00-00', '', NULL),
(94, 'Azizah N', '6281325147375', '', '', '', '', '', NULL, '0000-00-00', '', NULL),
(95, 'Fairuz', '6281260585433', '', '', '', '', '', NULL, '0000-00-00', '', NULL),
(96, 'Starlyn', '6287781400014', '', '', '', '', '', NULL, '0000-00-00', '', NULL),
(97, 'Derwin', '6287828553247', '', '', '', '', '', NULL, '0000-00-00', '', NULL),
(98, 'Muhamad Bagir', '628174978080', '', '', '', '', '', NULL, '0000-00-00', '', NULL),
(99, 'Vegi', '6285218785252', '', '', '', '', '', NULL, '0000-00-00', '', NULL),
(100, 'Yanto', '6281931324007', '', '', '', '', '', NULL, '0000-00-00', '', NULL),
(101, 'Galih', '6281363301541', '', '', '', '', '', NULL, '0000-00-00', '', NULL),
(102, 'Aziva', '6285647580058', '', '', '', '', '', NULL, '0000-00-00', '', NULL),
(103, 'Syaiful', '6285883345380', '', '', '', '', '', NULL, '0000-00-00', '', NULL),
(104, 'Sodiq', '628113609930', '', '', '', '', '', NULL, '0000-00-00', '', NULL),
(105, 'Doli', '6282177519985', '', '', '', '', '', NULL, '0000-00-00', '', NULL),
(106, 'Abdu', '62818313737', '', '', '', '', '', NULL, '0000-00-00', '', NULL),
(107, 'Melani', '6281354875781', '', '', '', '', '', NULL, '0000-00-00', '', NULL),
(108, 'Taufiq', '6281392979300', '', '', '', '', '', NULL, '0000-00-00', '', NULL),
(109, 'Hasby', '6281212048954', '', '', '', '', '', NULL, '0000-00-00', '', NULL),
(110, 'Andy', '6281231680205', '', '', '', '', '', NULL, '0000-00-00', '', NULL),
(111, 'Gusta', '6287715012491', '', '', '', '', '', NULL, '0000-00-00', '', NULL),
(112, 'Phoan', '6283834366818', '', '', '', '', '', NULL, '0000-00-00', '', NULL),
(113, 'Riyad', '628999877547', '', '', '', '', '', NULL, '0000-00-00', '', NULL),
(114, 'Rachmad', '6281280555592', '', '', '', '', '', NULL, '0000-00-00', '', NULL),
(115, 'Miftah', '6285326033451', '', '', '', '', '', NULL, '0000-00-00', '', NULL),
(116, 'Faruqi', '628113656555', '', '', '', '', '', NULL, '0000-00-00', '', NULL),
(117, 'Salman', '62818953456', '', '', '', '', '', NULL, '0000-00-00', '', NULL),
(118, 'Fahmi', '6281389002220', '', '', '', '', '', NULL, '0000-00-00', '', NULL),
(119, 'Adrian', '6285259369322', '', '', '', '', '', NULL, '0000-00-00', '', NULL),
(120, 'Amarulloh', '6285694262984', '', '', '', '', '', NULL, '0000-00-00', '', NULL),
(121, 'Haryanto', '62811488168', '', '', '', '', '', NULL, '0000-00-00', '', NULL),
(122, 'Tresia', '6287739039054', '', '', '', '', '', NULL, '0000-00-00', '', NULL),
(123, 'Ahmad A', '628158171500', '', '', '', '', '', NULL, '0000-00-00', '', NULL),
(124, 'Henry', '6287894134000', '', '', '', '', '', NULL, '0000-00-00', '', NULL),
(125, 'Glen', '6281297271595', '', '', '', '', '', NULL, '0000-00-00', '', NULL),
(126, 'Rijal', '6287718694125', '', '', '', '', '', NULL, '0000-00-00', '', NULL),
(127, 'Julia', '6282268887773', '', '', '', '', '', NULL, '0000-00-00', '', NULL),
(128, 'Mochamad', '6287777143205', '', '', '', '', '', NULL, '0000-00-00', '', NULL),
(129, 'Agus P', '6285258886832', '', '', '', '', '', NULL, '0000-00-00', '', NULL),
(130, 'Leo', '6262817256827', '', '', '', '', '', NULL, '0000-00-00', '', NULL),
(131, 'Joko', '626287838822000', '', '', '', '', '', NULL, '0000-00-00', '', NULL),
(132, 'satrio', '626282220349525', '', '', '', '', '', NULL, '0000-00-00', '', NULL),
(133, 'Hana', '626281227571234', '', '', '', '', '', NULL, '0000-00-00', '', NULL),
(134, 'Thresia', '626281270081987', '', '', '', '', '', NULL, '0000-00-00', '', NULL),
(135, 'Tillana', '626282299996601', '', '', '', '', '', NULL, '0000-00-00', '', NULL),
(136, 'Yudi', '6262895421888301', '', '', '', '', '', NULL, '0000-00-00', '', NULL),
(137, 'Juntrung', '626287700090084', '', '', '', '', '', NULL, '0000-00-00', '', NULL),
(138, 'Azizah Frozen', '626281285880434', '', '', '', '', '', NULL, '0000-00-00', '', NULL),
(139, 'Mandala', '626283831603628', '', '', '', '', '', NULL, '0000-00-00', '', NULL),
(140, 'Yeni', '62628112651238', '', '', '', '', '', NULL, '0000-00-00', '', NULL),
(141, 'Anggoro', '626285713888825', '', '', '', '', '', NULL, '0000-00-00', '', NULL),
(142, 'Arif indra', '626289653932107', '', '', '', '', '', NULL, '0000-00-00', '', NULL),
(143, 'Eko', '62628567446581', '', '', '', '', '', NULL, '0000-00-00', '', NULL),
(144, 'Dedy', '626281295353540', '', '', '', '', '', NULL, '0000-00-00', '', NULL),
(145, 'Fitria', '626281226395588', '', '', '', '', '', NULL, '0000-00-00', '', NULL),
(146, 'Abdul', '626281389098899', '', '', '', '', '', NULL, '0000-00-00', '', NULL),
(147, 'Rizky', '626282214066812', '', '', '', '', '', NULL, '0000-00-00', '', NULL),
(148, 'Khrisna', '626287838612040', '', '', '', '', '', NULL, '0000-00-00', '', NULL),
(149, 'gusti ms', '626282243483797', '', '', '', '', '', NULL, '0000-00-00', '', NULL),
(150, 'Novita', '626285702319999', '', '', '', '', '', NULL, '0000-00-00', '', NULL),
(151, 'Ahmad S', '626285748331232', '', '', '', '', '', NULL, '0000-00-00', '', NULL),
(152, 'Izzudin', '626282133332421', '', '', '', '', '', NULL, '0000-00-00', '', NULL),
(153, 'Tiara', '626289673127721', '', '', '', '', '', NULL, '0000-00-00', '', NULL),
(154, 'Fitriyani', '626281380825486', '', '', '', '', '', NULL, '0000-00-00', '', NULL),
(155, 'Salim', '626287723406300', '', '', '', '', '', NULL, '0000-00-00', '', NULL),
(156, 'Jurlian', '626287839217744', '', '', '', '', '', NULL, '0000-00-00', '', NULL),
(157, 'Aji', '626282299888450', '', '', '', '', '', NULL, '0000-00-00', '', NULL),
(158, 'Rama', '626285753333303', '', '', '', '', '', NULL, '0000-00-00', '', NULL),
(159, 'Kurnia', '626281286609850', '', '', '', '', '', NULL, '0000-00-00', '', NULL),
(160, 'Hendra', '626285974528913', '', '', '', '', '', NULL, '0000-00-00', '', NULL),
(161, 'Fadly', '62628112631247', '', '', '', '', '', NULL, '0000-00-00', '', NULL),
(162, 'Alvin', '626281649362525', '', '', '', '', '', NULL, '0000-00-00', '', NULL),
(163, 'zakaria', '626285757575534', '', '', '', '', '', NULL, '0000-00-00', '', NULL),
(164, 'Aditya', '626281317155051', '', '', '', '', '', NULL, '0000-00-00', '', NULL),
(165, 'Anna Kuliana', '626281336000949', '', '', '', '', '', NULL, '0000-00-00', '', NULL),
(166, 'Murwani', '626287836952600', '', '', '', '', '', NULL, '0000-00-00', '', NULL),
(167, 'Khadijah', '626283849950444', '', '', '', '', '', NULL, '0000-00-00', '', NULL),
(168, 'Totoh Hidayah', '626282217961121', '', '', '', '', '', NULL, '0000-00-00', '', NULL),
(169, 'Muh Ridwan', '626283891399077', '', '', '', '', '', NULL, '0000-00-00', '', NULL),
(170, 'Abu sulaiman', '626281218635696', '', '', '', '', '', NULL, '0000-00-00', '', NULL),
(171, 'Isha', '626282234310605', '', '', '', '', '', NULL, '0000-00-00', '', NULL),
(172, 'Sri hidayat', '626285224117757', '', '', '', '', '', NULL, '0000-00-00', '', NULL),
(173, 'Zulfa Ulin Nuha', '626281333665544', '', '', '', '', '', NULL, '0000-00-00', '', NULL),
(174, 'Hanafi', '626285263875565', '', '', '', '', '', NULL, '0000-00-00', '', NULL),
(175, 'Suharti', '6262818142112', '', '', '', '', '', NULL, '0000-00-00', '', NULL),
(176, 'Zahid', '626282123454966', '', '', '', '', '', NULL, '0000-00-00', '', NULL),
(177, 'Musria', '626285226005566', '', '', '', '', '', NULL, '0000-00-00', '', NULL),
(178, 'Geha', '626282299999858', '', '', '', '', '', NULL, '0000-00-00', '', NULL),
(179, 'Irvan Alief', '626282132002097', '', '', '', '', '', NULL, '0000-00-00', '', NULL),
(180, 'Wendy', '626281237663000', '', '', '', '', '', NULL, '0000-00-00', '', NULL),
(181, 'Feris', '62628566062245', '', '', '', '', '', NULL, '0000-00-00', '', NULL),
(182, 'Hans', '626281381817887', '', '', '', '', '', NULL, '0000-00-00', '', NULL),
(183, 'Ringga', '62628164222748', '', '', '', '', '', NULL, '0000-00-00', '', NULL),
(184, 'dwi', '626288214475352', '', '', '', '', '', NULL, '0000-00-00', '', NULL),
(185, 'Irham', '626289615060206', '', '', '', '', '', NULL, '0000-00-00', '', NULL),
(186, 'Ahmatd', '626289649298846', '', '', '', '', '', NULL, '0000-00-00', '', NULL),
(187, 'Duratull', '62628568246649', '', '', '', '', '', NULL, '0000-00-00', '', NULL),
(188, 'Wahit jatmiko', '626281246745361', '', '', '', '', '', NULL, '0000-00-00', '', NULL),
(189, 'Aldrik', '626285717171456', '', '', '', '', '', NULL, '0000-00-00', '', NULL),
(190, 'Della', '626282264855305', '', '', '', '', '', NULL, '0000-00-00', '', NULL),
(191, 'Muhammad Yazid', '626285642151356', '', '', '', '', '', NULL, '0000-00-00', '', NULL),
(192, 'Rima', '626282331488409', '', '', '', '', '', NULL, '0000-00-00', '', NULL),
(193, 'Abdul Fattah', '626281237000092', '', '', '', '', '', NULL, '0000-00-00', '', NULL),
(194, 'Dellaroza', '62628118505094', '', '', '', '', '', NULL, '0000-00-00', '', NULL),
(195, 'Hend', '62628972299971', '', '', '', '', '', NULL, '0000-00-00', '', NULL),
(196, 'Rahman Hakim', '626281229511533', '', '', '', '', '', NULL, '0000-00-00', '', NULL),
(197, 'Sudibyo', '62628161969601', '', '', '', '', '', NULL, '0000-00-00', '', NULL),
(198, 'Julfanny', '626281310578858', '', '', '', '', '', NULL, '0000-00-00', '', NULL),
(199, 'Andi', '626283199969707', '', '', '', '', '', NULL, '0000-00-00', '', NULL),
(200, 'Diana', '626281515652727', '', '', '', '', '', NULL, '0000-00-00', '', NULL),
(201, 'Siska', '626281288031261', '', '', '', '', '', NULL, '0000-00-00', '', NULL),
(202, 'Tata', '626281284323000', '', '', '', '', '', NULL, '0000-00-00', '', NULL),
(203, 'Fazri', '62628179937660', '', '', '', '', '', NULL, '0000-00-00', '', NULL),
(204, 'Muhaimin', '626285292290348', '', '', '', '', '', NULL, '0000-00-00', '', NULL),
(205, 'Riny retna', '626282114638088', '', '', '', '', '', NULL, '0000-00-00', '', NULL),
(206, 'Sudarsono', '626285870163609', '', '', '', '', '', NULL, '0000-00-00', '', NULL),
(207, 'Jauhar', '626282124504029', '', '', '', '', '', NULL, '0000-00-00', '', NULL),
(208, 'Fauzan Agus', '6262811266333', '', '', '', '', '', NULL, '0000-00-00', '', NULL),
(209, 'Fatimah', '626282227337774', '', '', '', '', '', NULL, '0000-00-00', '', NULL),
(210, 'Azizah', '626281295976373', '', '', '', '', '', NULL, '0000-00-00', '', NULL),
(211, 'Indria', '62628118307076', '', '', '', '', '', NULL, '0000-00-00', '', NULL),
(212, 'Chairul B', '6262818581250', '', '', '', '', '', NULL, '0000-00-00', '', NULL),
(213, 'Justinus', '626281232366644', '', '', '', '', '', NULL, '0000-00-00', '', NULL),
(214, 'Nugroho', '626281217728556', '', '', '', '', '', NULL, '0000-00-00', '', NULL),
(215, 'Juwita', '6262817263897', '', '', '', '', '', NULL, '0000-00-00', '', NULL),
(216, 'Sigit Wardono', '626281568361433', '', '', '', '', '', NULL, '0000-00-00', '', NULL),
(217, 'Wildan Fadilah', '626285659006734', '', '', '', '', '', NULL, '0000-00-00', '', NULL),
(218, 'Yuliawati', '62628112148988', '', '', '', '', '', NULL, '0000-00-00', '', NULL),
(219, 'Agung Budhi', '626285747765207', '', '', '', '', '', NULL, '0000-00-00', '', NULL),
(220, 'Faruqi Ismae', '62628113656555', '', '', '', '', '', NULL, '0000-00-00', '', NULL),
(221, 'Rifai', '626281228419165', '', '', '', '', '', NULL, '0000-00-00', '', NULL),
(222, 'Ade Roni', '626289656872013', '', '', '', '', '', NULL, '0000-00-00', '', NULL),
(223, 'Toni', '626287838994843', '', '', '', '', '', NULL, '0000-00-00', '', NULL),
(224, 'Syarif', '626282176767630', '', '', '', '', '', NULL, '0000-00-00', '', NULL),
(225, 'Robi', '6287788100016', '', '', '', '', '', NULL, '0000-00-00', '', NULL),
(226, 'Maria', '6282228354667', '', '', '', '', '', NULL, '0000-00-00', '', NULL),
(227, 'Desi R', '628114804333', '', '', '', '', '', NULL, '0000-00-00', '', NULL),
(228, 'Hardy', '6282138954802', '', '', '', '', '', NULL, '0000-00-00', '', NULL),
(229, 'Wahyudin', '6282134910375', '', '', '', '', '', NULL, '0000-00-00', '', NULL),
(230, 'M Sauqi', '6281243510834', '', '', '', '', '', NULL, '0000-00-00', '', NULL),
(231, 'Hari s', '628818811881', '', '', '', '', '', NULL, '0000-00-00', '', NULL),
(232, 'Irvan', '62817440303', '', '', '', '', '', NULL, '0000-00-00', '', NULL),
(233, 'Badriawan', '6282289736429', '', '', '', '', '', NULL, '0000-00-00', '', NULL),
(234, 'Muqodas', '6287755812386', '', '', '', '', '', NULL, '0000-00-00', '', NULL),
(235, 'Alan', '6289698938305', '', '', '', '', '', NULL, '0000-00-00', '', NULL),
(236, 'Fauzie', '6282125252507', '', '', '', '', '', NULL, '0000-00-00', '', NULL),
(237, 'Sutejo', '628122698800', '', '', '', '', '', NULL, '0000-00-00', '', NULL),
(238, 'Pratama', '6287839318550', '', '', '', '', '', NULL, '0000-00-00', '', NULL),
(239, 'Andry', '6281288611368', '', '', '', '', '', NULL, '0000-00-00', '', NULL),
(240, 'Erna', '6285601489945', '', '', '', '', '', NULL, '0000-00-00', '', NULL),
(241, 'Khoirul', '6281393154164', '', '', '', '', '', NULL, '0000-00-00', '', NULL),
(242, 'Yandi', '628122107338', '', '', '', '', '', NULL, '0000-00-00', '', NULL),
(243, 'Asep', '6288905662118', '', '', '', '', '', NULL, '0000-00-00', '', NULL),
(244, 'Eka', '6285755599070', '', '', '', '', '', NULL, '0000-00-00', '', NULL),
(245, 'Desi', '6281316490590', '', '', '', '', '', NULL, '0000-00-00', '', NULL),
(246, 'Adi', '6285225138485', '', '', '', '', '', NULL, '0000-00-00', '', NULL),
(247, 'Dadan', '6282165099046', '', '', '', '', '', NULL, '0000-00-00', '', NULL),
(248, 'Leihana', '62817740203', '', '', '', '', '', NULL, '0000-00-00', '', NULL),
(249, 'Rijal Risalah', '6282119006050', '', '', '', '', '', NULL, '0000-00-00', '', NULL),
(250, 'Aditya', '6281317155051', '', '', '', '', '', NULL, '0000-00-00', '', NULL),
(251, 'Hari', '6287774772777', '', '', '', '', '', NULL, '0000-00-00', '', NULL),
(252, 'Dody', '6285793172339', '', '', '', '', '', NULL, '0000-00-00', '', NULL),
(253, 'Annisa', '6285725995538', '', '', '', '', '', NULL, '0000-00-00', '', NULL),
(254, 'Rizki Saleh', '6285715942290', '', '', '', '', '', NULL, '0000-00-00', '', NULL),
(255, 'Maulidiya', '6281553287500', '', '', '', '', '', NULL, '0000-00-00', '', NULL),
(256, 'Abda teknik', '6281365715257', '', '', '', '', '', NULL, '0000-00-00', '', NULL),
(257, 'Iis I', '6282125166536', '', '', '', '', '', NULL, '0000-00-00', '', NULL),
(258, 'Musafirul', '6285645156761', '', '', '', '', '', NULL, '0000-00-00', '', NULL),
(259, 'Aditiya', '6283820008843', '', '', '', '', '', NULL, '0000-00-00', '', NULL),
(260, 'budi', '6282113825551', '', '', '', '', '', NULL, '0000-00-00', '', NULL),
(261, 'Wiwik', '6282231900534', '', '', '', '', '', NULL, '0000-00-00', '', NULL),
(262, 'Amar', '6285694262984', '', '', '', '', '', NULL, '0000-00-00', '', NULL),
(263, 'Kurniawan', '628121576717', '', '', '', '', '', NULL, '0000-00-00', '', NULL),
(264, 'Lukman', '6285228174747', '', '', '', '', '', NULL, '0000-00-00', '', NULL),
(265, 'Arif', '6285642954422', '', '', '', '', '', NULL, '0000-00-00', '', NULL),
(266, 'Agus', '6285225089046', '', '', '', '', '', NULL, '0000-00-00', '', NULL),
(267, 'Tiwi', '6281218341986', '', '', '', '', '', NULL, '0000-00-00', '', NULL),
(268, 'Alwijaya', '6285736426794', '', '', '', '', '', NULL, '0000-00-00', '', NULL),
(269, 'Edwin E', '6287887023498', '', '', '', '', '', NULL, '0000-00-00', '', NULL),
(270, 'Abdul Azis', '6285222275272', '', '', '', '', '', NULL, '0000-00-00', '', NULL),
(271, 'Akbar A', '6281391117826', '', '', '', '', '', NULL, '0000-00-00', '', NULL),
(272, 'Jemmi Gumilar', '6285794712555', '', '', '', '', '', NULL, '0000-00-00', '', NULL),
(273, 'Inang Aria Arifin', '6281350960567', '', '', '', '', '', NULL, '0000-00-00', '', NULL),
(274, 'Andri', '6281213029960', '', '', '', '', '', NULL, '0000-00-00', '', NULL),
(275, 'Suya', '6285731012156', '', '', '', '', '', NULL, '0000-00-00', '', NULL),
(276, 'Rara', '6282340093004', '', '', '', '', '', NULL, '0000-00-00', '', NULL),
(277, 'Annang', '6287879997511', '', '', '', '', '', NULL, '0000-00-00', '', NULL),
(278, 'Misbah', '6287783310447', '', '', '', '', '', NULL, '0000-00-00', '', NULL),
(279, 'Ian', '6281335145709', '', '', '', '', '', NULL, '0000-00-00', '', NULL),
(280, 'Dodi', '6285793172339', '', '', '', '', '', NULL, '0000-00-00', '', NULL),
(281, 'Febri', '6282123457645', '', '', '', '', '', NULL, '0000-00-00', '', NULL),
(282, 'Hari Purwantoro', '628818811881', '', '', '', '', '', NULL, '0000-00-00', '', NULL),
(283, 'Ifan hendra adinata', '6287834448298', '', '', '', '', '', NULL, '0000-00-00', '', NULL),
(284, 'Adi Cahyo', '6285225138485', '', '', '', '', '', NULL, '0000-00-00', '', NULL),
(285, 'Dewi Mutiara', '6281223209092', '', '', '', '', '', NULL, '0000-00-00', '', NULL),
(286, 'Suryadin Laoddang', '6281327087397', '', '', '', '', '', NULL, '0000-00-00', '', NULL),
(287, 'Arina', '6287702423332', '', '', '', '', '', NULL, '0000-00-00', '', NULL),
(288, 'Iis', '6281325707279', '', '', '', '', '', NULL, '0000-00-00', '', NULL),
(289, 'Metri', '6285712334590', '', '', '', '', '', NULL, '0000-00-00', '', NULL),
(290, 'Solthan', '6281392690577', '', '', '', '', '', NULL, '0000-00-00', '', NULL),
(291, 'Trisno', '6281296319400', '', '', '', '', '', NULL, '0000-00-00', '', NULL),
(292, 'Siti Kholipah', '6289625038664', '', '', '', '', '', NULL, '0000-00-00', '', NULL),
(293, 'Ani', '6287855983988', '', '', '', '', '', NULL, '0000-00-00', '', NULL),
(294, 'muzria', '6285226005566', '', '', '', '', '', NULL, '0000-00-00', '', NULL),
(295, 'sri wardono', '628119795551', '', '', '', '', '', NULL, '0000-00-00', '', NULL),
(296, 'ading', '628111340754', '', '', '', '', '', NULL, '0000-00-00', '', NULL),
(297, 'Burhan', '6287735022042', '', '', '', '', '', NULL, '0000-00-00', '', NULL),
(298, 'deny', '6285730958784', '', '', '', '', '', NULL, '0000-00-00', '', NULL),
(299, 'Fauzi', '6285227442552', '', '', '', '', '', NULL, '0000-00-00', '', NULL),
(300, 'Darlan', '6285270139105', '', '', '', '', '', NULL, '0000-00-00', '', NULL),
(301, 'ahmad', '6289649298846', '', '', '', '', '', NULL, '0000-00-00', '', NULL),
(302, 'Gusti', '6282136657702', '', '', '', '', '', NULL, '0000-00-00', '', NULL),
(303, 'dimas', '6287796976073', '', '', '', '', '', NULL, '0000-00-00', '', NULL),
(304, 'herny', '62819892572', '', '', '', '', '', NULL, '0000-00-00', '', NULL),
(305, 'inggri', '87839946483', '', '', '', '', '', NULL, '0000-00-00', '', NULL),
(306, 'rinus', '6285712317492', '', '', '', '', '', NULL, '0000-00-00', '', NULL),
(307, 'desy', '6281398617573', '', '', '', '', '', NULL, '0000-00-00', '', NULL),
(308, 'sri', '62895702856464', '', '', '', '', '', NULL, '0000-00-00', '', NULL),
(309, 'salma', '6285884015416', '', '', '', '', '', NULL, '0000-00-00', '', NULL),
(310, 'sepa', '6285222278168', '', '', '', '', '', NULL, '0000-00-00', '', NULL),
(311, 'yayas', '6282123202100', '', '', '', '', '', NULL, '0000-00-00', '', NULL),
(312, 'edwin', '6281929543976', '', '', '', '', '', NULL, '0000-00-00', '', NULL),
(313, 'verliana', '6288228035029', '', '', '', '', '', NULL, '0000-00-00', '', NULL),
(314, 'ferry', '6281932311020', '', '', '', '', '', NULL, '0000-00-00', '', NULL),
(315, 'Shela', '6282141941345', '', '', '', '', '', NULL, '0000-00-00', '', NULL),
(316, 'jeas', '6281390481652', '', '', '', '', '', NULL, '0000-00-00', '', NULL),
(317, 'rifky', '6285327706666', '', '', '', '', '', NULL, '0000-00-00', '', NULL),
(318, 'akbar', '6281283385187', '', '', '', '', '', NULL, '0000-00-00', '', NULL),
(319, 'rosyidin', '6282142160878', '', '', '', '', '', NULL, '0000-00-00', '', NULL),
(320, 'fikri', '6282233848771', '', '', '', '', '', NULL, '0000-00-00', '', NULL),
(321, 'Rani', '628117007433', '', '', '', '', '', NULL, '0000-00-00', '', NULL),
(322, 'bibin', '6289602166257', '', '', '', '', '', NULL, '0000-00-00', '', NULL),
(323, 'wawan', '6281574814755', '', '', '', '', '', NULL, '0000-00-00', '', NULL),
(324, 'deza', '6285294256669', '', '', '', '', '', NULL, '0000-00-00', '', NULL),
(325, 'dewi', '6281223209092', '', '', '', '', '', NULL, '0000-00-00', '', NULL),
(326, 'adit', '6281390675250', '', '', '', '', '', NULL, '0000-00-00', '', NULL),
(327, 'metria', '6285712334590', '', '', '', '', '', NULL, '0000-00-00', '', NULL),
(328, 'dina', '6281325138577', '', '', '', '', '', NULL, '0000-00-00', '', NULL),
(329, 'salwa', '6281217792560', '', '', '', '', '', NULL, '0000-00-00', '', NULL),
(330, 'silvi', '62816991755', '', '', '', '', '', NULL, '0000-00-00', '', NULL),
(331, 'angga', '628176420670', '', '', '', '', '', NULL, '0000-00-00', '', NULL),
(332, 'asdine', '6281578045670', '', '', '', '', '', NULL, '0000-00-00', '', NULL),
(333, 'diki', '62811331248', '', '', '', '', '', NULL, '0000-00-00', '', NULL),
(334, 'iis nur', '6281325707279', '', '', '', '', '', NULL, '0000-00-00', '', NULL),
(335, 'boo', '628113995639', '', '', '', '', '', NULL, '0000-00-00', '', NULL),
(336, 'edi susilo', '6285725661146', '', '', '', '', '', NULL, '0000-00-00', '', NULL),
(337, 'supriyanto', '6282123928727', '', '', '', '', '', NULL, '0000-00-00', '', NULL),
(338, 'suhe', '6285224876360', '', '', '', '', '', NULL, '0000-00-00', '', NULL),
(339, 'moana', '6282181710522', '', '', '', '', '', NULL, '0000-00-00', '', NULL),
(340, 'gian', '6282298881557', '', '', '', '', '', NULL, '0000-00-00', '', NULL),
(341, 'robo', '6281325996586', '', '', '', '', '', NULL, '0000-00-00', '', NULL),
(342, 'icha', '6282134915838', '', '', '', '', '', NULL, '0000-00-00', '', NULL),
(343, 'ernas', '6282128578446', '', '', '', '', '', NULL, '0000-00-00', '', NULL),
(344, 'syalwa', '6285718439133', '', '', '', '', '', NULL, '0000-00-00', '', NULL),
(345, 'vivi', '6285743024625', '', '', '', '', '', NULL, '0000-00-00', '', NULL),
(346, 'ayin', '6281324786884', '', '', '', '', '', NULL, '0000-00-00', '', NULL),
(347, 'denis', '6285161692372', '', '', '', '', '', NULL, '0000-00-00', '', NULL),
(348, 'Agus H', '62859191723211', '', '', '', '', '', NULL, '0000-00-00', '', NULL),
(349, 'nadia', '628112542903', '', '', '', '', '', NULL, '0000-00-00', '', NULL),
(350, 'akhasan', '6285803690909', '', '', '', '', '', NULL, '0000-00-00', '', NULL),
(351, 'bowo', '6285975360267', '', '', '', '', '', NULL, '0000-00-00', '', NULL),
(352, 'gungun', '6287734203169', '', '', '', '', '', NULL, '0000-00-00', '', NULL),
(353, 'sammy', '6285328920552', '', '', '', '', '', NULL, '0000-00-00', '', NULL),
(354, 'rijale', '6281901878383', '', '', '', '', '', NULL, '0000-00-00', '', NULL),
(355, 'wahyu', '6285870277266', '', '', '', '', '', NULL, '0000-00-00', '', NULL),
(356, 'niwayan', '6281236594776', '', '', '', '', '', NULL, '0000-00-00', '', NULL),
(357, 'nurbita', '6282150127265', '', '', '', '', '', NULL, '0000-00-00', '', NULL),
(358, 'yulia', '6281227851780', '', '', '', '', '', NULL, '0000-00-00', '', NULL),
(359, 'Iqbal A', '6285727896788', '', '', '', '', '', NULL, '0000-00-00', '', NULL),
(360, 'jean', '6281286142374', '', '', '', '', '', NULL, '0000-00-00', '', NULL),
(361, 'rany', '6285351444403', '', '', '', '', '', NULL, '0000-00-00', '', NULL),
(362, 'lisa', '628559911599', '', '', '', '', '', NULL, '0000-00-00', '', NULL),
(363, 'lia', '628112540838', '', '', '', '', '', NULL, '0000-00-00', '', NULL),
(364, 'arief', '6281389999019', '', '', '', '', '', NULL, '0000-00-00', '', NULL),
(365, 'Ranie', '628179060333', '', '', '', '', '', NULL, '0000-00-00', '', NULL),
(366, 'Dwi N', '6289664208359', '', '', '', '', '', NULL, '0000-00-00', '', NULL),
(367, 'anton', '6281292620004', '', '', '', '', '', NULL, '0000-00-00', '', NULL),
(368, 'hidayat', '6281318145988', '', '', '', '', '', NULL, '0000-00-00', '', NULL),
(369, 'sahal', '6285607456239', '', '', '', '', '', NULL, '0000-00-00', '', NULL),
(370, 'ayuni', '6281556611577', '', '', '', '', '', NULL, '0000-00-00', '', NULL),
(371, 'whiwik', '6281234380684', '', '', '', '', '', NULL, '0000-00-00', '', NULL),
(372, 'achmad', '6282260804445', '', '', '', '', '', NULL, '0000-00-00', '', NULL),
(373, 'akhmad', '6285732933140', '', '', '', '', '', NULL, '0000-00-00', '', NULL),
(374, 'wahyuni', '6282232470545', '', '', '', '', '', NULL, '0000-00-00', '', NULL),
(375, 'yuli', '62811377886', '', '', '', '', '', NULL, '0000-00-00', '', NULL),
(376, 'wahyudi', '6285727253795', '', '', '', '', '', NULL, '0000-00-00', '', NULL),
(377, 'lukmane', '62816937983', '', '', '', '', '', NULL, '0000-00-00', '', NULL),
(378, 'rika path', '6285867586428', '', '', '', '', '', NULL, '0000-00-00', '', NULL),
(379, 'lala', '6281515928083', '', '', '', '', '', NULL, '0000-00-00', '', NULL),
(380, 'widia', '6281235588545', '', '', '', '', '', NULL, '0000-00-00', '', NULL),
(381, 'abi', '628881197777', '', '', '', '', '', NULL, '0000-00-00', '', NULL),
(382, 'akhdan', '628112297701', '', '', '', '', '', NULL, '0000-00-00', '', NULL),
(383, 'fenny', '6281385448307', '', '', '', '', '', NULL, '0000-00-00', '', NULL),
(384, 'hendy', '6285374439977', '', '', '', '', '', NULL, '0000-00-00', '', NULL),
(385, 'januar', '6285220874387', '', '', '', '', '', NULL, '0000-00-00', '', NULL),
(386, 'ahmat', '6287855514345', '', '', '', '', '', NULL, '0000-00-00', '', NULL),
(387, 'eryana', '6283825259401', '', '', '', '', '', NULL, '0000-00-00', '', NULL),
(388, 'kukuh', '6287735557685', '', '', '', '', '', NULL, '0000-00-00', '', NULL),
(389, 'andru', '6285878068832', '', '', '', '', '', NULL, '0000-00-00', '', NULL),
(390, 'hasbi', '6281234312270', '', '', '', '', '', NULL, '0000-00-00', '', NULL),
(391, 'henri', '6281345114891', '', '', '', '', '', NULL, '0000-00-00', '', NULL),
(392, 'yanuar', '6289530570053', '', '', '', '', '', NULL, '0000-00-00', '', NULL),
(393, 'beth', '6285693399299', '', '', '', '', '', NULL, '0000-00-00', '', NULL),
(394, 'siko', '6282353232413', '', '', '', '', '', NULL, '0000-00-00', '', NULL),
(395, 'adam', '6281990909797', '', '', '', '', '', NULL, '0000-00-00', '', NULL),
(396, 'ricky', '6281382698655', '', '', '', '', '', NULL, '0000-00-00', '', NULL),
(397, 'rony', '6281217668998', '', '', '', '', '', NULL, '0000-00-00', '', NULL),
(398, 'diah', '6281315002354', '', '', '', '', '', NULL, '0000-00-00', '', NULL),
(399, 'adji', '628118808599', '', '', '', '', '', NULL, '0000-00-00', '', NULL),
(400, 'julian', '6282114122860', '', '', '', '', '', NULL, '0000-00-00', '', NULL),
(401, 'umpa', '6285607345672', '', '', '', '', '', NULL, '0000-00-00', '', NULL),
(402, 'edi', '6285869290300', '', '', '', '', '', NULL, '0000-00-00', '', NULL),
(403, 'anggi', '6281322803983', '', '', '', '', '', NULL, '0000-00-00', '', NULL),
(404, 'Angga A', '6281350539247', '', '', '', '', '', NULL, '0000-00-00', '', NULL),
(405, 'Fitri', '6285256454005', '', '', '', '', '', NULL, '0000-00-00', '', NULL),
(406, 'Imron', '6281383727834', '', '', '', '', '', NULL, '0000-00-00', '', NULL),
(407, 'Rikaa', '6285234919411', '', '', '', '', '', NULL, '0000-00-00', '', NULL),
(408, 'Putra Pratama', '6281246662212', '', '', '', '', '', NULL, '0000-00-00', '', NULL),
(409, 'Dhewi', '6281578888456', '', '', '', '', '', NULL, '0000-00-00', '', NULL),
(410, 'hanna', '6281214928949', '', '', '', '', '', NULL, '0000-00-00', '', NULL),
(411, 'Rikka', '6285228330376', '', '', '', '', '', NULL, '0000-00-00', '', NULL),
(412, 'Ummi', '6282302007806', '', '', '', '', '', NULL, '0000-00-00', '', NULL),
(413, 'Badrun', '628999918243', '', '', '', '', '', NULL, '0000-00-00', '', NULL),
(414, 'Arifi', '6282298798032', '', '', '', '', '', NULL, '0000-00-00', '', NULL),
(415, 'putri', '6282348007640', '', '', '', '', '', NULL, '0000-00-00', '', NULL),
(416, 'Setiyawan', '6281332255473', '', '', '', '', '', NULL, '0000-00-00', '', NULL),
(417, 'Endang', '6281235672129', '', '', '', '', '', NULL, '0000-00-00', '', NULL),
(418, 'Shinta', '6281327611622', '', '', '', '', '', NULL, '0000-00-00', '', NULL),
(419, 'Sarah', '6281312232771', '', '', '', '', '', NULL, '0000-00-00', '', NULL),
(420, 'Ahmad Riyanto', '6288211553551', '', '', '', '', '', NULL, '0000-00-00', '', NULL),
(421, 'Sri H', '6285236668313', '', '', '', '', '', NULL, '0000-00-00', '', NULL),
(422, 'Edi maryanto', '6285700126299', '', '', '', '', '', NULL, '0000-00-00', '', NULL),
(423, 'Septiane', '6282219525860', '', '', '', '', '', NULL, '0000-00-00', '', NULL),
(424, 'Agung', '6282239437221', '', '', '', '', '', NULL, '0000-00-00', '', NULL),
(425, 'Putra P', '6285755082005', '', '', '', '', '', NULL, '0000-00-00', '', NULL),
(426, 'Muhammad', '6282131947564', '', '', '', '', '', NULL, '0000-00-00', '', NULL),
(427, 'Deden Setiawan', '6285694569361', '', '', '', '', '', NULL, '0000-00-00', '', NULL),
(428, 'Mohamad', '62895355135656', '', '', '', '', '', NULL, '0000-00-00', '', NULL),
(429, 'Fahrudin', '6285551119646', '', '', '', '', '', NULL, '0000-00-00', '', NULL),
(430, 'Aseph', '6285691351933', '', '', '', '', '', NULL, '0000-00-00', '', NULL),
(431, 'Sushilo', '6289677319333', '', '', '', '', '', NULL, '0000-00-00', '', NULL),
(432, 'Amir', '6282242008384', '', '', '', '', '', NULL, '0000-00-00', '', NULL),
(433, 'Izza', '6285234651458', '', '', '', '', '', NULL, '0000-00-00', '', NULL),
(434, 'Lukman H', '6289613716591', '', '', '', '', '', NULL, '0000-00-00', '', NULL),
(435, 'Devy', '6285888337712', '', '', '', '', '', NULL, '0000-00-00', '', NULL),
(436, 'Riki', '6287777700210', '', '', '', '', '', NULL, '0000-00-00', '', NULL),
(437, 'Sari', '6281331734517', '', '', '', '', '', NULL, '0000-00-00', '', NULL),
(438, 'Anang', '6281328782110', '', '', '', '', '', NULL, '0000-00-00', '', NULL),
(439, 'Hilda', '628119888898', '', '', '', '', '', NULL, '0000-00-00', '', NULL),
(440, 'Syauqa', '6282260032112', '', '', '', '', '', NULL, '0000-00-00', '', NULL),
(441, 'Bayu Septian', '6281316917190', '', '', '', '', '', NULL, '0000-00-00', '', NULL),
(442, 'Delta indie', '628119961223', '', '', '', '', '', NULL, '0000-00-00', '', NULL),
(443, 'Agus qns', '6281382644245', '', '', '', '', '', NULL, '0000-00-00', '', NULL),
(444, 'Ahmad sopiyan', '6285329353593', '', '', '', '', '', NULL, '0000-00-00', '', NULL),
(445, 'adji waluyo', '628118808599', '', '', '', '', '', NULL, '0000-00-00', '', NULL),
(446, '', '6282130219683', '', '', '', '', '', NULL, '0000-00-00', '', NULL),
(447, 'Anggi dina', '6281322803983', '', '', '', '', '', NULL, '0000-00-00', '', NULL),
(448, 'julian gamping', '6282114122860', '', '', '', '', '', NULL, '0000-00-00', '', NULL),
(449, 'Rahman', '628122595525', '', '', '', '', '', NULL, '0000-00-00', '', NULL),
(450, 'Ayu', '62881026271555', '', '', '', '', '', NULL, '0000-00-00', '', NULL),
(451, 'ilham', '6281383848384', '', '', '', '', '', NULL, '0000-00-00', '', NULL),
(452, 'Wahyudi griya', '6282138533059', '', '', '', '', '', NULL, '0000-00-00', '', NULL);

-- --------------------------------------------------------

--
-- Table structure for table `data_hama`
--

CREATE TABLE `data_hama` (
  `id` int(11) NOT NULL,
  `nama_hama` varchar(255) NOT NULL,
  `bagian_yang_diserang` varchar(255) NOT NULL,
  `ciri_daun` varchar(255) NOT NULL,
  `ciri_akar` varchar(255) NOT NULL,
  `ciri_batang` varchar(255) NOT NULL,
  `ciri_buah` varchar(255) NOT NULL,
  `ciri_bunga` varchar(255) NOT NULL,
  `ciri_khusus` varchar(255) NOT NULL,
  `cara_mengatasi` varchar(255) NOT NULL,
  `gambar_hama` varchar(255) NOT NULL
) ENGINE=InnoDB DEFAULT CHARSET=utf8mb4 COLLATE=utf8mb4_general_ci;

--
-- Dumping data for table `data_hama`
--

INSERT INTO `data_hama` (`id`, `nama_hama`, `bagian_yang_diserang`, `ciri_daun`, `ciri_akar`, `ciri_batang`, `ciri_buah`, `ciri_bunga`, `ciri_khusus`, `cara_mengatasi`, `gambar_hama`) VALUES
(7, 'rrrrr', 'tt', 'eee', 'tt', 'eee', 'tt', 'rrr', 'tt', 'tt', '1730962690_Untitled_Diagram_drawio.png');

-- --------------------------------------------------------

--
-- Table structure for table `data_penyakit`
--

CREATE TABLE `data_penyakit` (
  `id` int(11) NOT NULL,
  `nama_penyakit` varchar(255) NOT NULL,
  `bagian_yang_diserang` varchar(255) NOT NULL,
  `ciri_daun` varchar(255) NOT NULL,
  `ciri_akar` varchar(255) NOT NULL,
  `ciri_batang` varchar(255) NOT NULL,
  `ciri_buah` varchar(255) NOT NULL,
  `ciri_bunga` varchar(225) NOT NULL,
  `ciri_khusus` varchar(255) NOT NULL,
  `cara_mengatasi` varchar(255) NOT NULL,
  `gambar` varchar(255) NOT NULL
) ENGINE=InnoDB DEFAULT CHARSET=utf8mb4 COLLATE=utf8mb4_general_ci;

--
-- Dumping data for table `data_penyakit`
--

INSERT INTO `data_penyakit` (`id`, `nama_penyakit`, `bagian_yang_diserang`, `ciri_daun`, `ciri_akar`, `ciri_batang`, `ciri_buah`, `ciri_bunga`, `ciri_khusus`, `cara_mengatasi`, `gambar`) VALUES
(3, 'dfsddskkkk', 'wwwd', 'saa', 'fd', 'dssssssaa', 'fw', 'sd', 'wwe', 'adsd', '1730962146_Untitled_Diagram_drawio.png'),
(4, 'dfsddskkkk', 'd', 'dsd', 'eee', 'ad', 'e', 's', '3', 'f', '1730961929_download_(10).jpeg');

-- --------------------------------------------------------

--
-- Table structure for table `user`
--

CREATE TABLE `user` (
  `id` int(11) NOT NULL,
  `name` varchar(128) NOT NULL,
  `email` varchar(128) NOT NULL,
  `image` varchar(128) NOT NULL,
  `password` varchar(256) NOT NULL,
  `role_id` int(11) NOT NULL,
  `is_active` int(1) NOT NULL,
  `date_created` int(11) NOT NULL
) ENGINE=InnoDB DEFAULT CHARSET=utf8mb4 COLLATE=utf8mb4_general_ci;

--
-- Dumping data for table `user`
--

INSERT INTO `user` (`id`, `name`, `email`, `image`, `password`, `role_id`, `is_active`, `date_created`) VALUES
(6, 'Admin Ganteng', 'admin@email.com', 'default.png', '$2y$10$eR2ooBBlvYTQExTBds078OwhguTNW/rwg3yUddK/Lt6xmfoJe/SwW', 1, 1, 1702407958),
(10, 'user', 'user@email.com', 'WhatsApp_Image_2024-04-28_at_21_10_17_2b51db59.jpg', '$2y$10$sCPAyR0DiyMmrslYCNYuQOVF4c40R5oyk/LIsog9kgBjulHUfJ3mW', 2, 1, 1730963029);

-- --------------------------------------------------------

--
-- Table structure for table `user_access_menu`
--

CREATE TABLE `user_access_menu` (
  `id` int(11) NOT NULL,
  `role_id` int(11) NOT NULL,
  `menu_id` int(11) NOT NULL
) ENGINE=InnoDB DEFAULT CHARSET=utf8mb4 COLLATE=utf8mb4_general_ci;

--
-- Dumping data for table `user_access_menu`
--

INSERT INTO `user_access_menu` (`id`, `role_id`, `menu_id`) VALUES
(1, 1, 1),
(3, 2, 2),
(9, 1, 2),
(11, 1, 3);

-- --------------------------------------------------------

--
-- Table structure for table `user_menu`
--

CREATE TABLE `user_menu` (
  `id` int(11) NOT NULL,
  `menu` varchar(128) NOT NULL
) ENGINE=InnoDB DEFAULT CHARSET=utf8mb4 COLLATE=utf8mb4_general_ci;

--
-- Dumping data for table `user_menu`
--

INSERT INTO `user_menu` (`id`, `menu`) VALUES
(1, 'Admin'),
(2, 'User'),
(3, 'Menu');

-- --------------------------------------------------------

--
-- Table structure for table `user_role`
--

CREATE TABLE `user_role` (
  `id` int(11) NOT NULL,
  `role` varchar(128) NOT NULL
) ENGINE=InnoDB DEFAULT CHARSET=utf8mb4 COLLATE=utf8mb4_general_ci;

--
-- Dumping data for table `user_role`
--

INSERT INTO `user_role` (`id`, `role`) VALUES
(1, 'Administrator'),
(2, 'Member');

-- --------------------------------------------------------

--
-- Table structure for table `user_sub_menu`
--

CREATE TABLE `user_sub_menu` (
  `id` int(11) NOT NULL,
  `menu_id` int(11) NOT NULL,
  `title` varchar(128) NOT NULL,
  `url` varchar(128) NOT NULL,
  `icon` varchar(128) NOT NULL,
  `is_active` int(1) NOT NULL
) ENGINE=InnoDB DEFAULT CHARSET=utf8mb4 COLLATE=utf8mb4_general_ci;

--
-- Dumping data for table `user_sub_menu`
--

INSERT INTO `user_sub_menu` (`id`, `menu_id`, `title`, `url`, `icon`, `is_active`) VALUES
(1, 1, 'Dashboard', 'admin', 'fas fa-fw fa-tachometer-alt', 1),
(2, 2, 'My Profile', 'user', 'fas fa-fw fa-user', 1),
(3, 2, 'Edit Profile', 'user/edit', 'fas fa-fw fa-user-edit', 1),
(4, 3, 'Menu Management', 'menu', 'fas fa-fw fa-folder', 1),
(5, 3, 'Submenu Management', 'menu/submenu', 'fas fa-fw fa-folder-open', 1),
(7, 1, 'Role', 'admin/role', 'fas fa-fw fa-user-tie', 1),
(15, 2, 'Data Hama', 'user/hama', 'fas fa-fw fa-book', 1),
(16, 2, 'Data Penyakit', 'user/penyakit', 'fas fa-fw fa-book', 1);

--
-- Indexes for dumped tables
--

--
-- Indexes for table `client_data`
--
ALTER TABLE `client_data`
  ADD PRIMARY KEY (`id`);

--
-- Indexes for table `data_hama`
--
ALTER TABLE `data_hama`
  ADD PRIMARY KEY (`id`);

--
-- Indexes for table `data_penyakit`
--
ALTER TABLE `data_penyakit`
  ADD PRIMARY KEY (`id`);

--
-- Indexes for table `user`
--
ALTER TABLE `user`
  ADD PRIMARY KEY (`id`);

--
-- Indexes for table `user_access_menu`
--
ALTER TABLE `user_access_menu`
  ADD PRIMARY KEY (`id`);

--
-- Indexes for table `user_menu`
--
ALTER TABLE `user_menu`
  ADD PRIMARY KEY (`id`);

--
-- Indexes for table `user_role`
--
ALTER TABLE `user_role`
  ADD PRIMARY KEY (`id`);

--
-- Indexes for table `user_sub_menu`
--
ALTER TABLE `user_sub_menu`
  ADD PRIMARY KEY (`id`);

--
-- AUTO_INCREMENT for dumped tables
--

--
-- AUTO_INCREMENT for table `client_data`
--
ALTER TABLE `client_data`
  MODIFY `id` int(11) NOT NULL AUTO_INCREMENT, AUTO_INCREMENT=453;

--
-- AUTO_INCREMENT for table `data_hama`
--
ALTER TABLE `data_hama`
  MODIFY `id` int(11) NOT NULL AUTO_INCREMENT, AUTO_INCREMENT=8;

--
-- AUTO_INCREMENT for table `data_penyakit`
--
ALTER TABLE `data_penyakit`
  MODIFY `id` int(11) NOT NULL AUTO_INCREMENT, AUTO_INCREMENT=5;

--
-- AUTO_INCREMENT for table `user`
--
ALTER TABLE `user`
  MODIFY `id` int(11) NOT NULL AUTO_INCREMENT, AUTO_INCREMENT=11;

--
-- AUTO_INCREMENT for table `user_access_menu`
--
ALTER TABLE `user_access_menu`
  MODIFY `id` int(11) NOT NULL AUTO_INCREMENT, AUTO_INCREMENT=12;

--
-- AUTO_INCREMENT for table `user_menu`
--
ALTER TABLE `user_menu`
  MODIFY `id` int(11) NOT NULL AUTO_INCREMENT, AUTO_INCREMENT=7;

--
-- AUTO_INCREMENT for table `user_role`
--
ALTER TABLE `user_role`
  MODIFY `id` int(11) NOT NULL AUTO_INCREMENT, AUTO_INCREMENT=3;

--
-- AUTO_INCREMENT for table `user_sub_menu`
--
ALTER TABLE `user_sub_menu`
  MODIFY `id` int(11) NOT NULL AUTO_INCREMENT, AUTO_INCREMENT=17;
COMMIT;

/*!40101 SET CHARACTER_SET_CLIENT=@OLD_CHARACTER_SET_CLIENT */;
/*!40101 SET CHARACTER_SET_RESULTS=@OLD_CHARACTER_SET_RESULTS */;
/*!40101 SET COLLATION_CONNECTION=@OLD_COLLATION_CONNECTION */;
